Year,Country ,Song ,Artist ,Final_Place,Final_Points,Top 5,Top 10,Running_Order_Final,Grand_Final_Ind,Big6_Ind,Semi_Final_Num,Semi_Place,Semi_Points,Running_Order_Semi,National_Final,Solo_Artist,Sex,Returning_Artist_Ind,Number of Members,Language1,Language2,Language3,Language4,Multiple_Language,National_Language_Used,EU,NATO,Country_Group,MyESB_Community,MyESB_Personal,OGAE_Points,Qualification_Record
2025,Albania,Zjerm,Shkodra Elektronike,8,218,0,1,26,1,0,1,2,122,12,1,0,Mixed,0,2,Albanian,,,,0,TRUE,0,1,Southern,4,17,158,0.55
2025,Armenia,Survivor,Parg,20,72,0,0,18,1,0,2,10,51,5,1,1,M ,0,1,English,,,,0,FALSE,0,0,South-Eastern,30,30,0,0.8125
2025,Australia,Milkshake Man,Go-Jo,,,,,,0,0,2,11,41,1,0,1,M,0,1,English,,,,0,TRUE,0,0,Western,17,21,15,0.777777778
2025,Austria,Wasted Love,JJ,1,436,1,1,9,1,0,2,5,104,6,0,1,M,0,1,English,,,,0,FALSE,1,0,Central,1,11,382,0.5625
2025,Azerbaijan,Run with U,Mamagama,,,,,,0,0,1,15,7,10,0,0,M,0,3,English,,,,0,FALSE,0,0,South-Eastern,32,18,0,0.8125
2025,Belgium,Strobe Lights,Red Sebastian,,,,,,0,0,1,14,23,9,1,1,M,0,1,English,,,,0,FALSE,1,1,Western,22,14,17,0.45
2025,Croatia,Poison Cake,Marko Bo歯jak,,,,,,0,0,1,12,28,14,1,1,M,0,1,English,,,,0,FALSE,1,1,Southern,34,34,0,0.5
2025,Cyprus,Shh,Theo Evan,,,,,,0,0,1,11,44,15,0,1,M,0,1,English,,,,0,FALSE,1,0,South-Eastern,27,27,0,0.631578947
2025,Czech Republic,Kiss Kiss Goodbye,Adonxs,,,,,,0,0,2,12,29,12,0,1,M,0,1,English,,,,0,FALSE,1,1,Central,14,19,34,0.416666667
2025,Denmark,Hallucination,Sissal,23,47,0,0,22,1,0,2,8,61,11,1,1,F,0,1,English,,,,0,FALSE,1,1,Northern,15,3,31,0.6
2025,Estonia,Espresso Macchiato,Tommy Cash,3,356,1,1,3,1,0,1,5,113,4,1,1,M,0,1,Italian,English,,,1,FALSE,1,1,Northern,18,24,85,0.5
2025,Finland,Ich komme,Erika Vikman,11,196,0,0,13,1,0,2,3,115,16,1,1,F,0,1,Finnish,,,,0,TRUE,1,0,Northern,3,1,253,0.6
2025,France,Maman,Louane,7,230,0,1,24,1,1,,,,,0,1,F,0,1,French,,,,0,TRUE,1,1,Western,7,6,137,
2025,Georgia,Freedom,Mariam Shengelia,,,,,,0,0,2,15,28,10,0,1,F,0,1,Georgian,English,,,1,TRUE,0,0,South-Eastern,37,37,0,0.5
2025,Germany,Baller,Abor & Tynna,15,151,0,0,16,1,1,,,,,1,0,Mixed,0,2,German,,,,0,TRUE,1,1,Central,8,13,44,
2025,Greece,Asteromata,Klavdia,6,231,0,1,17,1,0,2,4,112,7,1,1,F,0,1,Greek,,,,0,TRUE,1,1,Southern,9,12,57,0.85
2025,Iceland,Roa,Vaeb,25,33,0,0,10,1,0,1,6,97,1,1,0,M,0,2,Icelandic,,,,0,TRUE,0,1,Northern,26,5,0,0.55
2025,Ireland,Laika Party,Emmy,,,,,,0,0,2,13,28,3,1,1,F,0,1,English,,,,0,FALSE,1,0,Western,29,35,6,0.45
2025,Israel,New Day Will Rise,Yuval Raphael,2,357,1,1,4,1,0,2,1,203,14,0,1,F,0,1,English,French,Hebrew,,1,TRUE,0,0,South-Eastern,21,31,58,0.65
2025,Italy,Volevo essere un duro,Lucio Corsi,5,256,1,1,14,1,1,,,,,1,1,M,0,1,Italian,,,,0,TRUE,1,1,Western,20,26,8,
2025,Latvia,Bur man laimi,Tautumeitas,13,158,0,0,11,1,0,2,2,130,4,1,0,F,0,6,Latvian,,,,0,TRUE,1,1,Northern,23,36,2,0.35
2025,Lithuania,Tavo akys,Katarsis,16,96,0,0,5,1,0,2,6,103,8,1,1,Mixed,0,4,Lithuanian,,,,0,TRUE,1,1,Northern,16,28,1,0.65
2025,Luxembourg,La poup閑 monte le son,Laura Thorn,22,47,0,0,2,1,0,2,7,62,13,1,1,F,0,1,French,,,,0,TRUE,1,1,Western,24,16,39,1
2025,Malta,Serving,Miriana Conte,17,91,0,0,20,1,0,2,9,53,9,1,1,F,0,1,English,,,,0,FALSE,1,0,Western,5,22,164,0.5
2025,Montenegro,Dobrodosli,Nina Zizi,,,,,,0,0,2,15,12,2,1,1,F,1,1,Montenegrin,,,,0,TRUE,0,1,Southern,33,33,0,0.166666667
2025,Netherlands,C'est la vie,Claude,12,175,0,0,12,1,0,1,3,121,13,0,1,M,0,1,French,English,,,1,FALSE,1,1,Western,10,4,278,0.5
2025,Norway,Lighter,Kyle Alessandro,18,89,0,0,1,1,0,1,8,82,8,1,1,M,0,1,English,,,,0,FALSE,0,1,Northern,6,32,71,0.85
2025,Poland,Gaja,Justyna Steczkowska,14,156,0,0,15,1,0,1,7,85,2,1,1,F,1,1,Polish,English,,,1,TRUE,1,1,Eastern,11,15,8,0.444444444
2025,Portugal,Deslocado,Napa,21,50,0,0,21,1,0,1,9,56,7,1,0,M,0,5,Portuguese,,,,0,TRUE,1,1,Western,28,10,0,0.5
2025,San Marino,Tutta l'Italia,Gabry Ponte,26,27,0,0,25,1,0,1,10,46,11,1,1,M,0,1,Italian,,,,0,TRUE,0,0,Western,25,23,36,0.214285714
2025,Serbia,Mila,Princ,,,,,,0,0,2,14,28,15,1,1,M,0,1,Serbian,,,,0,TRUE,0,0,Southern,36,25,0,0.8125
2025,Slovenia,How Much Time Do We Have Left,Klemen,,,,,,0,0,1,13,23,3,1,1,M,0,1,English,,,,0,FALSE,1,1,Central,35,20,1,0.4
2025,Spain,Esa diva,Melody,24,37,0,0,6,1,1,,,,,1,1,F,0,1,Spanish,,,,0,TRUE,1,1,Western,13,8,136,
2025,Sweden,Bara bada bastu,KAJ,4,321,1,1,23,1,0,1,4,118,6,1,0,M,0,3,Swedish,,,,0,TRUE,1,0,Northern,2,2,421,0.95
2025,Switzerland,Voyage,Zoe Me,10,214,0,1,19,1,1,,,,,0,1,F,0,1,French,,,,0,FALSE,0,0,Central,12,7,44,0.45
2025,Ukraine,Bird of Pray,Ziferblat,9,218,0,1,7,1,0,1,1,137,5,1,0,M,0,3,Ukrainian,English,,,1,TRUE,0,0,Eastern,19,29,1,1
2025,United Kingdom,What the Hell Just Happened?,Remember Monday,19,88,0,0,8,1,1,,,,,0,0,F,0,3,English,,,,0,TRUE,0,1,Western,31,9,7,
2024,Albania,Titan,Besa,,,,,,0,0,2,15,14,2,1,1,F,0,1,English,,,,0,FALSE,0,1,Southern,34,21,0,0.578947368
2024,Armenia,Jako,Ladaniva,8,183,,1,19,1,0,2,3,137,8,0,0,Mixed,0,2,Armenian,,,,0,TRUE,0,0,South-Eastern,20,34,2,0.8
2024,Australia,One Milkali (One Blood),Electric Fields,,,,,,0,0,1,11,41,13,0,0,M ,0,2,English,Yankunytjatjara,,,1,TRUE,0,0,Western,32,3,5,0.875
2024,Austria,We Will Rave,Kaleen,24,24,,,26,1,0,2,9,46,6,0,1,F,0,1,English,,,,0,FALSE,1,0,Central,9,27,129,0.533333333
2024,Azerbaijan,Ozunle apar,Fahree ft. Ilkin Dovlatov,,,,,,0,0,1,14,11,12,0,0,M,0,2,English,Azerbaijani,,,1,TRUE,0,0,South-Eastern,29,22,3,0.866666667
2024,Belgium,Before the Party's Over,Mustii,,,,,,0,0,2,13,18,12,0,1,M,0,1,English,,,,0,FALSE,1,1,Western,5,9,223,0.473684211
2024,Croatia,Rim Tim Tagi Dim,Baby Lasagna,2,547,1,1,23,1,0,1,1,177,7,1,1,M,0,1,English,,,,0,FALSE,1,1,Southern,3,12,356,0.470588235
2024,Cyprus,Liar,Silia Lapsis,15,78,,,20,1,0,1,6,67,1,0,1,F,0,1,English,,,,0,FALSE,1,0,South-Eastern,19,35,4,0.611111111
2024,Czech Republic,Pedestal,Aiko,,,,,,0,0,2,11,38,5,1,1,F,0,1,English,,,,0,FALSE,1,1,Central,25,29,0,0.454545455
2024,Denmark,Sand,Saba,,,,,,0,0,2,12,36,7,1,1,F,0,1,English,,,,0,FALSE,1,1,Northern,24,31,12,0.631578947
2024,Estonia,(Nendest) narkootikumidest ei tea me (kull) midagi,5miinust and Puuluup,20,37,,,9,1,0,2,6,79,13,1,0,M,0,6,Estonian,,,,0,TRUE,1,1,Northern,21,28,5,0.473684211
2024,Finland,No Rules!,Windows95man,19,38,,,17,1,0,1,7,59,10,1,0,M,0,2,English,,,,0,FALSE,1,0,Northern,28,14,0,0.578947368
2024,France,Mon amour,Slimane,4,445,1,1,25,1,1,,,,,0,1,M,0,1,French,,,,0,TRUE,1,1,Western,11,1,188,
2024,Georgia,Firefighter,Nutsa Buzaladze,21,34,,,24,1,0,2,8,54,11,0,1,F,0,1,English,,,,0,FALSE,0,0,South-Eastern,18,26,1,0.466666667
2024,Germany,Always on the Run,Isaak,12,117,,,3,1,1,,,,,1,1,M,0,1,English,,,,0,FALSE,1,1,Central,31,2,0,
2024,Greece,Zari,Marina Satti ,11,126,,,12,1,0,2,5,86,3,0,1,F,0,1,Greek,,,,0,TRUE,1,1,Southern,4,37,91,0.842105263
2024,Iceland,Scared of Heights,Hera Bjork,,,,,,0,0,1,15,3,8,1,1,F,1,1,English,,,,0,FALSE,0,1,Northern,36,25,0,0.578947368
2024,Ireland,Doomsday Blue,Bambie Thug,6,278,,1,10,1,0,1,3,124,4,1,1,F,0,1,English,,,,0,FALSE,1,0,Western,22,30,0,0.421052632
2024,Israel,Hurricane,Eden Golan,5,375,1,1,6,1,0,2,1,194,14,1,1,F,0,1,English,Hebrew,,,1,TRUE,0,0,South-Eastern,17,10,53,0.631578947
2024,Italy,La noia,Angelina Mango,7,268,,1,15,1,1,,,,,1,1,F,0,1,Italian,,,,0,TRUE,1,1,Western,1,13,338,
2024,Latvia,Hollow,Dons,16,64,,,11,1,0,2,7,72,9,1,1,M,0,1,English,,,,0,FALSE,1,1,Northern,35,17,0,0.315789474
2024,Lithuania,Luktelk,Silvester Belt,14,90,,,7,1,0,1,4,119,3,1,1,M,0,1,Lithuanian,,,,0,TRUE,1,1,Northern,7,8,108,0.631578947
2024,Luxembourg,Fighter,Tali,13,103,,,4,1,0,1,5,117,15,1,1,F,0,1,French,English,,,1,TRUE,1,1,Western,23,24,12,
2024,Malta,Loop,Sarah Bonnici,,,,,,0,0,2,16,13,1,1,1,F,0,1,English,,,,0,FALSE,1,0,Western,30,32,0,0.526315789
2024,Moldova,In the Middle,Natalia Barbu,,,,,,0,0,1,13,20,11,1,1,F,1,1,English,,,,0,FALSE,0,0,Eastern,37,33,0,0.684210526
2024,Netherlands,Europapa,Joost Klein,,,,,5,1,0,2,2,182,16,0,1,M,0,1,Dutch,,,,0,TRUE,1,1,Western,6,5,96,0.473684211
2024,Norway,Ulveham,Gate,25,16,,,14,1,0,2,10,43,15,1,0,Mixed,0,5,Norwegian,,,,0,TRUE,0,1,Northern,10,15,43,0.842105263
2024,Poland,The Tower,Luna,,,,,,0,0,1,12,35,6,0,1,F,0,1,English,,,,0,FALSE,1,1,Eastern,26,19,1,0.470588235
2024,Portugal,Grito,Iolanda,10,152,,1,18,1,0,1,8,58,14,1,1,F,0,1,Portuguese,,,,0,TRUE,1,1,Western,27,36,0,0.470588235
2024,San Marino,11:11,Megara,,,,,,0,0,2,14,16,10,1,0,Mixed,0,4,Spanish,English,,,1,FALSE,0,0,Western,33,16,0,0.230769231
2024,Serbia,Ramonda,Teya Dora,17,54,,,16,1,0,1,10,47,2,1,1,F,0,1,Serbian,,,,0,TRUE,0,0,Southern,13,23,7,0.8
2024,Slovenia,Veronika,Raiven,23,27,,,22,1,0,1,9,51,9,0,1,F,0,1,Slovene,,,,0,TRUE,1,1,Central,15,18,10,0.368421053
2024,Spain,Zorra,Nebulossa,22,30,,,8,1,1,,,,,1,0,Mixed,0,2,Spanish,,,,0,TRUE,1,1,Western,14,11,103,
2024,Sweden,Unforgettable,Marcus & Martinus,9,174,,1,1,1,1,,,,,1,0,M,0,2,English,,,,0,FALSE,1,0,Northern,12,20,59,0.947368421
2024,Switzerland,The Code,Nemo,1,591,1,1,21,1,0,2,4,132,4,0,1,M,0,1,English,,,,0,FALSE,0,0,Central,2,6,290,0.421052632
2024,Ukraine,Teresa & Maria,Alyona Alyona & Jerry Heil,3,453,1,1,2,1,0,1,2,173,5,1,0,F,0,2,Ukrainian,English,,,1,TRUE,0,0,Eastern,8,4,150,1
2024,United Kingdom,Dizzy,Olly Alexander,18,46,,,13,1,1,,,,,0,1,M,0,1,English,,,,0,TRUE,0,1,Western,16,7,89,
2023,Albania,Duje,Albina & Familja Kelmendi,22,76,0,0,10,1,0,2,9,83,14,1,0,Mixed,0,6,Albanian,,,,0,TRUE,0,1,Southern,29,29,0,0.555555556
2023,Armenia,Future Lover,Brunette,14,122,0,0,17,1,0,2,6,99,2,0,1,F,0,1,English, Armenian,,,1,FALSE,0,0,South-Eastern,9,23,7,0.785714286
2023,Australia,Promise,Voyager,9,151,0,1,15,1,0,2,1,149,16,0,0,Mixed,0,5,English,,,,0,TRUE,0,0,Western,17,12,3,0.857142857
2023,Austria,Who The Hell Is Edgar?,Teya & Salena,15,120,0,0,1,1,0,2,2,137,13,0,0,F,0,2,English,Italian,,,1,FALSE,1,0,Central,4,8,228,0.5
2023,Azerbaijan,Tell Me More,TuralTuranX,,,,,,0,0,1,14,4,12,0,0,M ,0,2,English,,,,0,FALSE,0,0,South-Eastern,35,33,4,0.928571429
2023,Belgium,Because Of You,Gustaph,7,182,0,1,16,1,0,2,8,90,5,1,1,M,0,1,English,,,,0,FALSE,1,1,Western,20,10,21,0.444444444
2023,Croatia,Mama Sc,Let 3,13,123,0,0,25,1,0,1,8,76,7,1,0,M,0,6,Croatian,,,,0,TRUE,1,1,Southern,26,34,1,0.4375
2023,Cyprus,Break A Broken Heart,Andrew Lambrou,12,126,0,0,7,1,0,2,7,94,6,0,1,M,0,1,English,,,,0,FALSE,1,0,South-Eastern,18,31,14,0.588235294
2023,Czech Republic,My Sister's Crown,Vesna,10,129,0,1,14,1,0,1,4,110,13,1,0,F,0,6,English, Ukrainian, Czech, Bulgarian,1,FALSE,1,1,Central,8,26,91,0.4
2023,Denmark,Breaking My Heart,Reiley,,,,,,0,0,2,14,6,1,1,1,M,0,1,English,,,,0,FALSE,1,1,Northern,31,18,0,0.666666667
2023,Estonia,Bridges,Alika,8,168,0,1,12,1,0,2,10,74,4,1,1,F,0,1,English,,,,0,FALSE,1,1,Northern,14,22,6,0.444444444
2023,Finland,Cha Cha Cha,Kaarija,2,526,1,1,13,1,0,1,1,177,15,1,1,M,0,1,Finnish,,,,0,TRUE,1,0,Northern,1,2,394,0.555555556
2023,France,Evidemment,La Zarra,16,104,0,0,6,1,1,,,,,0,1,F,0,1,French,,,,0,TRUE,1,1,Western,5,1,302,
2023,Georgia,Echo,Iru,,,,,,0,0,2,12,33,11,1,1,F,0,1,English,,,,0,FALSE,0,0,South-Eastern,23,36,3,0.5
2023,Germany,Blood & Glitter,Lord of the Lost,26,18,0,0,21,1,1,,,,,1,0,M,0,6,English,,,,0,FALSE,1,1,Central,22,24,2,
2023,Greece,What They Say,Victor Vernicos,,,,,,0,0,2,13,14,8,0,1,M,0,1,English,,,,0,FALSE,1,1,Southern,34,32,1,0.888888889
2023,Iceland,Power,Dilja,,,,,,0,0,2,11,44,7,1,1,F,0,1,English,,,,0,FALSE,0,1,Northern,30,28,0,0.611111111
2023,Ireland,We Are One,Wild Youth,,,,,,0,0,1,12,10,6,1,0,M,0,4,English,,,,0,FALSE,1,0,Western,33,16,0,0.444444444
2023,Israel,Unicorn,Noa Kirel,3,362,1,1,23,1,0,1,3,127,9,0,1,F,0,1,English,Hebrew,,,1,TRUE,0,0,South-Eastern,6,17,83,0.611111111
2023,Italy,Due Vite,Marco Mengoni,4,350,1,1,11,1,1,,,,,1,1,M,1,1,Italian,,,,0,TRUE,1,1,Western,12,11,226,
2023,Latvia,Aija,Sudden Lights,,,,,,0,0,1,11,34,4,1,0,M,0,4,English,Latvian,,,1,TRUE,1,1,Northern,21,19,0,0.333333333
2023,Lithuania,Stay,Monika Linkyte,11,127,0,0,22,1,0,2,4,110,15,1,1,F,1,1,English,Lithuanian,,,1,TRUE,1,1,Northern,25,14,5,0.611111111
2023,Malta,Dance (Our Own Party),The Busker,,,,,,0,0,1,15,3,2,1,0,M,0,3,English,,,,0,FALSE,1,0,Western,32,25,2,0.555555556
2023,Moldova,Soarele si Luna,Pasha Parfeni,18,96,0,0,18,1,0,1,5,109,10,1,1,M,1,1,Romanian,,,,0,FALSE,0,0,Eastern,15,21,32,0.666666667
2023,Netherlands,Burning Daylight,Mia Nicolai & Dion Cooper,,,,,,0,0,1,13,7,14,0,0,Mixed,0,2,English,,,,0,FALSE,1,1,Western,27,9,5,0.5
2023,Norway,Queen of Kings,Alessandra,5,268,1,1,20,1,0,1,6,102,1,1,1,F,0,1,English,Italian,Latin,,1,FALSE,0,1,Northern,3,5,263,0.833333333
2023,Poland,Solo,Blanka,19,93,0,0,4,1,0,2,3,124,9,1,1,F,0,1,English,,,,0,FALSE,1,1,Eastern,28,30,2,0.4375
2023,Portugal,Ai Coracao,Mimicat,23,59,0,0,2,1,0,1,9,74,5,1,1,F,0,1,Portuguese,,,,0,TRUE,1,1,Western,16,13,14,0.4375
2023,Romania,D.G.T. (Off and On),Theodor Andrei,,,,,,0,0,2,15,0,3,1,1,M,0,1,Romanian, English,,,1,TRUE,1,1,Eastern,36,35,0,0.823529412
2023,San Marino,Like An Animal,Piqued Jacks,,,,,,0,0,2,16,0,12,1,0,M,0,4,English,,,,0,FALSE,0,0,Western,37,15,0,0.25
2023,Serbia,Samo Mi Se Spava,Luke Black,24,30,0,0,5,1,0,1,10,37,3,1,1,M,0,1,Serbian, English,,,1,TRUE,0,0,Southern,13,7,17,0.785714286
2023,Slovenia,Carpe Diem,Joker Out,21,78,0,0,24,1,0,2,5,103,10,0,0,M,0,5,Slovene,,,,0,TRUE,1,1,Central,10,6,34,0.333333333
2023,Spain,Eaea,Blanca Paloma,17,100,0,0,8,1,1,,,,,1,1,F,0,1,Spanish,,,,0,TRUE,1,1,Western,7,37,76,
2023,Sweden,Tattoo,Loreen,1,583,1,1,9,1,0,1,2,135,11,1,1,F,1,1,English,,,,0,FALSE,1,0,Northern,2,3,423,0.944444444
2023,Switzerland,Watergun,Remo Forrer,20,92,0,0,3,1,0,1,7,97,8,0,1,M,0,1,English,,,,0,FALSE,0,0,Central,19,20,23,0.388888889
2023,Ukraine,Heart Of Steel,TVORCHI,6,243,0,1,19,1,1,,,,,1,0,M,0,2,English, Ukrainian,,,1,FALSE,0,0,Eastern,24,27,0,1
2023,United Kingdom,I Wrote A Song,Mae Muller,25,24,0,0,26,1,1,,,,,0,1,F,0,1,English,,,,0,TRUE,0,1,Western,11,4,154,
2022,Albania,Sekret,Ronela Hajati,,,0,0,,0,0,1,12,58,1,1,1,F,0,1,Albanian,English,Spanish,,1,TRUE,0,1,Southern,14,23,88,0.588235294
2022,Armenia,Snap,Rosa Linn,20,61,0,0,8,1,0,1,5,187,17,0,1,F,0,1,English,,,,0,FALSE,0,0,South-Eastern,18,8,0,0.769230769
2022,Australia,Not The Same,Sheldon Riley,15,125,0,0,21,1,0,2,2,243,8,1,1,M,0,1,English,,,,0,TRUE,0,0,Western,17,3,16,0.833333333
2022,Austria,Halo,LUM!X feat. Pia Maria,,,0,0,,0,0,1,15,42,13,0,0,Mixed,0,2,English,,,,0,FALSE,1,0,Central,16,5,73,0.538461538
2022,Azerbaijan,Fade To Black,Nadir Rustamil,16,106,0,0,15,1,0,2,10,96,4,0,1,M,0,1,English,,,,0,FALSE,0,0,South-Eastern,26,22,0,0.923076923
2022,Belgium,Miss You,Jeremie Makiese,19,64,0,0,16,1,0,2,8,151,16,0,1,M,0,1,English,,,,0,FALSE,1,1,Western,24,17,2,0.411764706
2022,Bulgaria,Intention,Intelligent Music Project,,,0,0,,0,0,1,16,29,7,0,0,Mixed,1,6,English,,,,0,FALSE,1,1,Eastern,40,20,0,0.384615385
2022,Croatia,Guilty Pleasure,Mia Dimsic,,,0,0,,0,0,1,11,75,11,1,1,F,0,1,English,Croatian,,,1,TRUE,1,1,Southern,33,13,4,0.466666667
2022,Cyprus,Ella,Andromache,,,0,0,,0,0,2,12,63,9,0,1,F,0,1,English,Greek,,,1,TRUE,1,0,South-Eastern,15,25,59,0.625
2022,Czech Republic,Lights Off,We Are Domi,22,38,0,0,1,1,0,2,4,227,18,1,0,Mixed,0,3,English,,,,0,FALSE,1,1,Central,12,1,35,0.333333333
2022,Denmark,The Show,REDDI,,,0,0,,0,0,1,13,55,12,1,0,F,0,4,English,,,,0,FALSE,1,1,Northern,35,18,0,0.705882353
2022,Estonia,Hope,Stefan ,13,141,0,0,25,1,0,2,5,209,12,1,1,M,0,1,English,,,,0,FALSE,1,1,Northern,19,11,54,0.411764706
2022,Finland,Jezebel,The Rasmus,21,38,0,0,4,1,0,2,7,162,1,1,0,Mixed,0,4,English,,,,0,FALSE,1,0,Northern,22,2,37,0.529411765
2022,France,Fulenn,Alvan & Ahez,24,17,0,0,6,1,1,,,,,1,0,Mixed,0,4,Breton,,,,0,FALSE,1,1,Western,10,35,175,
2022,Georgia,Lock Me In,Circus Mircus ,,,0,0,,0,0,2,18,22,5,0,0,M,1,5,English,,,,0,FALSE,0,0,South-Eastern,39,39,0,0.538461538
2022,Germany,Rockstars,Malik Harris,25,6,0,0,13,1,1,,,,,1,1,M,0,1,English,,,,0,FALSE,1,1,Central,28,32,2,
2022,Greece,Die Together,Amanda Georgiadi Tenfjord,8,215,0,1,17,1,0,1,3,211,15,0,1,F,0,1,English,,,,0,FALSE,1,1,Southern,6,36,38,0.882352941
2022,Iceland,Med Haekkandi Sol,Systur,23,20,0,0,18,1,0,1,10,103,14,1,0,F,0,3,Icelandic,,,,0,TRUE,0,1,Northern,27,15,0,0.588235294
2022,Ireland,That's Rich,Brooke,,,0,0,,0,0,2,15,47,10,1,1,F,0,1,English,,,,0,FALSE,1,0,Western,25,34,0,0.470588235
2022,Israel,I.M,Michael Ben David,,,0,0,,0,0,2,13,61,2,1,1,M,0,1,English,Hebrew,,,1,TRUE,0,0,South-Eastern,32,7,0,0.647058824
2022,Italy,Brividi ,Mahmood & Blanco,6,268,0,1,9,1,1,,,,,1,0,M,1,2,Italian,,,,0,TRUE,1,1,Western,4,10,387,
2022,Latvia,Eat Your Salad,Citi Zeni,,,0,0,,0,0,1,14,55,2,1,0,M,0,6,English,,,,0,FALSE,1,1,Northern,31,33,7,0.352941176
2022,Lithuania,Sentimentai ,Monika Liu,14,128,0,0,14,1,0,1,7,159,3,1,1,F,0,1,Lithuanian,,,,0,TRUE,1,1,Northern,21,31,11,0.588235294
2022,Malta,I Am What I Am,Emma Muscat,,,0,0,,0,0,2,16,47,6,1,1,F,0,1,English,,,,0,FALSE,1,0,Western,37,21,2,0.588235294
2022,Moldova,Trenuletul,Zdob si Zdub & Fratii Advahov ,7,253,0,1,19,1,0,1,8,154,9,0,0,M,1,6,Romanian,English,,,1,FALSE,0,0,Eastern,23,27,6,0.647058824
2022,Montenegro,Breathe,Vladana,,,0,0,,0,0,2,17,33,15,0,1,F,0,1,English,Italian,,,1,FALSE,0,1,Southern,36,37,0,0.181818182
2022,Netherlands,Die Diepte,S10,11,171,0,0,11,1,0,1,2,221,8,0,1,F,0,1,Dutch,,,,0,TRUE,1,1,Western,3,4,218,0.470588235
2022,North Macedonia,Circles,Andrea,,,0,0,,0,0,2,11,76,11,1,1,F,0,1,English,,,,0,FALSE,0,1,Southern,38,38,0,0.352941176
2022,Norway,Get That Wolf A Banana,Subwoolfer,10,182,0,1,7,1,0,1,6,177,16,1,0,M,0,2,English,,,,0,FALSE,0,1,Northern,9,28,120,0.823529412
2022,Poland,River,Ochman,12,151,0,0,23,1,0,2,6,198,14,1,1,M,0,1,English,,,,0,FALSE,1,1,Eastern,11,14,144,0.4
2022,Portugal,"Saudade, Saudade",MARO,9,207,0,1,3,1,0,1,4,208,10,1,1,F,0,1,English,Portuguese,,,1,TRUE,1,1,Western,13,26,9,0.4
2022,Romania,Llamame,WRS,18,65,0,0,2,1,0,2,9,118,13,1,1,M,0,1,English,Spanish,,,1,FALSE,1,1,Eastern,20,29,2,0.8125
2022,San Marino,Stripper,Achille Laura,,,0,0,,0,0,2,14,50,7,1,1,M,0,1,Italian,English,,,1,TRUE,0,0,Western,30,30,0,0.272727273
2022,Serbia,In Corpore Sano,Konstrakta ,5,312,1,1,24,1,0,2,3,237,3,1,1,F,0,1,Serbian,Latin,,,1,TRUE,0,0,Southern,8,40,53,0.769230769
2022,Slovenia,Disko,LPS,,,0,0,,0,0,1,17,15,5,1,0,Mixed,0,5,Slovene,,,,0,TRUE,1,1,Central,29,12,0,0.352941176
2022,Spain,SloMo,Chanel,3,459,1,1,10,1,1,,,,,1,1,F,0,1,Spanish,English,,,1,TRUE,1,1,Western,1,16,294,
2022,Sweden,Cornelia Jacobs,Hold Me Closer,4,438,1,1,20,1,0,2,1,396,17,1,1,F,0,1,English,,,,0,FALSE,1,0,Northern,2,6,393,0.941176471
2022,Switzerland,Marius Bear,Boys Do Cry,17,78,0,0,5,1,0,1,9,118,4,0,1,M,0,1,English,,,,0,FALSE,0,0,Central,34,19,1,0.352941176
2022,Ukraine,Kalush Orchestra,Stefania,1,631,1,1,12,1,0,1,1,337,6,1,0,M,1,6,Ukrainian,,,,0,TRUE,0,0,Eastern,7,24,60,1
2022,United Kingdom,Spaceman,Sam Ryder,2,466,1,1,22,1,1,,,,,0,1,M,0,1,English,,,,0,TRUE,0,1,Western,5,9,204,
2021,Albania,Karma,Anxhela Peristeri,21,57,0,0,2,1,0,2,10,112,11,1,1,F,0,1,Albanian,,,,0,TRUE,0,1,Southern,24,26,0,0.6
2021,Australia,Technicolour,Montaigne,,,0,0,,0,0,1,14,28,5,0,1,F,0,1,English,,,,0,TRUE,0,0,Western,22,19,4,1
2021,Austria,Amen,Vincent Bueno,,,0,0,,0,0,2,12,66,5,0,1,M,0,1,English,,,,0,FALSE,1,0,Central,34,30,0,0.583333333
2021,Azerbaijan,Mata Hari,Efendi,20,65,0,0,21,1,0,1,8,138,14,0,1,F,0,1,English,Azerbaijani,,,1,TRUE,0,0,South-Eastern,10,21,59,0.916666667
2021,Belgium,The Wrong Place,Hooverphonic,19,74,0,0,4,1,0,1,9,117,11,0,0,Mixed,0,3,English,,,,0,FALSE,1,1,Western,17,20,7,0.375
2021,Bulgaria,Growing Up Is Getting Old,VICTORIA,11,170,0,0,17,1,0,2,3,250,13,0,1,F,0,1,English,,,,0,FALSE,1,1,Eastern,15,6,7,0.333333333
2021,Croatia,Tick-Tock,Albina,,,0,0,,0,0,1,11,110,10,1,1,F,0,1,English,Croatian,,,1,TRUE,1,1,Southern,20,24,30,0.5
2021,Cyprus,El Diablo,Elena Tsagrinou,16,94,0,0,1,1,0,1,6,170,8,0,1,F,0,1,English,Spanish,,,1,FALSE,1,0,South-Eastern,5,4,238,0.6
2021,Czech Republic,omaga,Benny Cristo,,,0,0,,0,0,2,15,23,3,0,1,M,0,1,English,Czech,,,1,TRUE,1,1,Central,29,23,0,0.375
2021,Denmark,Ove Os Pa Hinanden,Fyr Og Flamme,,,0,0,,0,0,2,11,89,17,1,0,M ,0,2,Danish,,,,0,TRUE,1,1,Northern,32,28,32,0.75
2021,Estonia,The Lucky One,Uku Suviste,,,0,0,,0,0,2,13,58,2,1,1,M,0,1,English,,,,0,FALSE,1,1,Northern,36,8,4,0.4375
2021,Finland,Dark Side,Blind Channel,6,301,0,1,16,1,0,2,5,234,14,1,0,M,0,6,English,,,,0,FALSE,1,0,Northern,8,10,37,0.5
2021,France,Voila,Barbara Pravi,2,499,1,1,20,1,1,,,,,1,1,F,0,1,French,,,,0,TRUE,1,1,Western,3,18,318,
2021,Georgia,You,Tornike Kipiani,,,0,0,,0,0,2,16,16,10,0,1,M,0,1,English,,,,0,FALSE,0,0,South-Eastern,39,37,0,0.583333333
2021,Germany,I Don't Feel Hate,Jendrik,25,3,0,0,15,1,1,,,,,0,1,M,0,1,English,German,,,1,TRUE,1,1,Central,30,17,0,
2021,Greece,Last Dance,Stefania,10,170,0,1,10,1,0,2,6,184,4,0,1,F,0,1,English,,,,0,FALSE,1,1,Southern,13,15,58,0.875
2021,Iceland,10 Years,Dadi og Gagnamagnid,4,378,1,1,12,1,0,2,2,288,8,0,0,Mixed,0,6,English,,,,0,FALSE,0,1,Northern,11,1,50,0.5625
2021,Ireland,MAPS,Lesley Roy,,,0,0,,0,0,1,16,20,7,0,1,F,0,1,English,,,,0,FALSE,1,0,Western,25,31,10,0.5
2021,Israel,Set Me Free,Eden Alene,17,93,0,0,3,1,0,1,5,192,12,1,1,F,0,1,English,Hebrew,,,1,TRUE,0,0,South-Eastern,19,34,14,0.625
2021,Italy,Zitti E Buoni,Maneskin,1,524,1,1,24,1,1,,,,,1,0,Mixed,0,4,Italian,,,,0,TRUE,1,1,Western,1,11,81,
2021,Latvia,The Moon Is Rising,Samanta Tina,,,0,0,,0,0,2,17,14,15,0,1,F,0,1,English,,,,0,FALSE,1,1,Northern,31,38,3,0.375
2021,Lithuania,Discoteque,The Roop,8,220,0,1,18,1,0,1,4,203,1,1,0,M,0,3,English,,,,0,FALSE,1,1,Northern,9,7,301,0.5625
2021,Malta,Je Me Casse,Destiny,7,255,0,1,6,1,0,1,1,325,16,0,1,F,0,1,English,French,,,1,FALSE,1,0,Western,6,25,363,0.5625
2021,Moldova,SUGAR,Natalia Gordienko,13,115,0,0,14,1,0,2,7,179,7,0,1,F,1,1,English,,,,0,FALSE,0,0,Eastern,23,22,17,0.625
2021,Netherlands,Birth Of A New Age,Jeangu Macrooy,23,11,0,0,23,1,1,,,,,0,1,M,0,1,English,Sranan Tongo,,,1,FALSE,1,1,Western,33,32,0,0.4375
2021,North Macedonia,Here I Stand,Vasil,,,0,0,,0,0,1,15,23,6,0,1,M,0,1,English,,,,0,FALSE,0,1,Southern,38,27,0,0.375
2021,Norway,Fallen Angel,TIX,18,75,0,0,22,1,0,1,10,115,9,1,1,M,0,1,English,,,,0,FALSE,0,1,Northern,18,5,19,0.8125
2021,Poland,The Ride,RAFAL,,,0,0,,0,0,2,14,35,6,0,1,M,0,1,English,,,,0,FALSE,1,1,Eastern,37,12,0,0.428571429
2021,Portugal,Love Is On My Side,The Black Mamba,12,153,0,0,7,1,0,2,4,239,12,1,0,M,0,5,English,,,,0,FALSE,1,1,Western,26,33,0,0.357142857
2021,Romania,Amnesia,ROXEN,,,0,0,,0,0,1,12,85,13,0,1,F,0,1,English,,,,0,FALSE,1,1,Eastern,14,14,39,0.866666667
2021,Russia,Russian Woman,Manizha,9,204,0,1,5,1,0,1,3,225,3,1,1,F,0,1,Russian,English,,,1,TRUE,0,0,Eastern,12,36,23,0.933333333
2021,San Marino,Adrenalina,Senhit ft Flo Rida,22,50,0,0,26,1,0,2,9,118,1,0,0,Mixed,1,2,English,Italian,,,1,TRUE,0,0,Western,7,2,237,0.2
2021,Serbia,Loco Loco,Hurricane,15,102,0,0,8,1,0,2,8,124,9,0,0,F,1,3,Serbian,Spanish,,,1,TRUE,0,0,Southern,16,35,11,0.75
2021,Slovenia,Amen,Ana Soklic,,,0,0,,0,0,1,13,44,2,0,1,F,0,1,English,,,,0,FALSE,1,1,Central,35,29,0,0.375
2021,Spain,Voy A Quedarme,Blas Canto,24,6,0,0,13,1,1,,,,,1,1,M,0,1,Spanish,,,,0,TRUE,1,1,Western,27,13,1,
2021,Sweden,Voices,Tusse,14,109,0,0,25,1,0,1,7,142,4,1,1,M,0,1,English,,,,0,FALSE,1,0,Northern,21,16,105,0.9375
2021,Switzerland,Tout l'Univers,Gjon's Tears,3,432,1,1,11,1,0,2,1,291,16,0,1,M,0,1,French,,,,0,FALSE,0,0,Central,2,3,358,0.3125
2021,Ukraine,Shum,Go_A,5,364,1,1,19,1,0,1,2,267,15,0,0,Mixed,0,4,Ukrainian,,,,0,TRUE,0,0,Eastern,4,39,64,1
2021,United Kingdom,Embers,James Newman,26,0,0,0,9,1,1,,,,,0,1,M,0,1,English,,,,0,TRUE,0,1,Western,28,9,4,
2019,Albania,Ktheju tokes,Jonida Maliqi,17,90,0,0,2,1,0,2,9,96,14,1,1,F,0,1,Albanian,,,,0,TRUE,0,1,Southern,16,35,10,0.533333333
2019,Armenia,Walking Out,Srbuk,,,0,0,,0,0,2,16,49,1,0,1,F,0,1,English,,,,0,FALSE,0,0,South-Eastern,18,16,9,0.833333333
2019,Australia,Zero Gravity,Kate Miller-Heidke,9,284,0,0,25,1,0,1,1,261,12,1,1,F,0,1,English,,,,0,TRUE,0,0,Western,10,34,2,1
2019,Austria,Limits,PAENDA,,,0,0,,0,0,2,17,21,9,0,1,F,0,1,English,,,,0,FALSE,1,0,Central,33,29,0,0.636363636
2019,Azerbaijan,Truth,Chingiz,8,302,0,0,20,1,0,2,5,224,18,0,1,M,0,1,English,,,,0,FALSE,0,0,South-Eastern,8,14,123,0.909090909
2019,Belarus,Like It,ZENA,24,31,0,0,19,1,0,1,10,122,8,1,1,F,0,1,English,,,,0,FALSE,0,0,Eastern,21,8,0,0.333333333
2019,Belgium,Wake Up,Eliot,,,0,0,,0,0,1,13,70,10,0,1,M,0,1,English,,,,0,FALSE,1,1,Western,22,33,17,0.4
2019,Croatia,The Dream,Roko,,,0,0,,0,0,2,14,64,10,1,1,M,0,1,English,Croatian,,,1,TRUE,1,1,Southern,36,27,0,0.538461538
2019,Cyprus,Replay,Tamta,13,109,0,0,11,1,0,1,9,149,1,0,1,F,0,1,English,,,,0,FALSE,1,0,South-Eastern,5,19,218,0.571428571
2019,Czech Republic,Friend of a Friend,Lake Malawi,11,157,0,0,3,1,0,1,2,242,6,1,0,M,0,3,English,,,,0,FALSE,1,1,Central,20,31,6,0.285714286
2019,Denmark,Love Is Forever,Leonora,12,120,0,0,6,1,0,2,10,94,7,1,1,F,0,1,English,French,Danish,German,1,TRUE,1,1,Northern,26,24,19,0.733333333
2019,Estonia,Storm,Victor Crone,20,76,0,0,18,1,0,1,4,198,14,1,1,M,0,1,English,,,,0,FALSE,1,1,Northern,25,5,7,0.4
2019,Finland,Look Away,Darude feat. Sebastian Rejman,,,0,0,,0,0,1,17,23,3,1,0,M,0,2,English,,,,0,FALSE,1,0,Northern,38,18,0,0.533333333
2019,France,Roi,Bilal Hassani,16,105,0,0,21,1,1,,,,,1,1,M,0,1,French,English,,,1,TRUE,1,1,Western,13,21,25,
2019,Georgia,Keep on Going,Oto Nemsadze,,,0,0,,0,0,1,14,62,11,1,1,M,0,1,Georgian,Abkhaz,,,1,TRUE,0,0,South-Eastern,39,41,0,0.636363636
2019,Germany,Sister,S!sters,25,24,0,0,4,1,1,,,,,1,0,F,0,2,English,,,,0,FALSE,1,1,Central,31,25,0,
2019,Greece,Better Love,Katerine Duska,21,74,0,0,13,1,0,1,5,185,16,0,1,F,0,1,English,,,,0,FALSE,1,1,Southern,12,17,89,0.866666667
2019,Hungary,Az en apam,Joci Papai,,,0,0,,0,0,1,12,97,7,1,1,M,1,1,Hungarian,,,,0,TRUE,1,1,Central,30,6,2,0.833333333
2019,Iceland,Hatrid mun sigra,Hatari,10,232,0,0,17,1,0,1,3,221,13,1,0,M,0,3,Icelandic,,,,0,TRUE,0,1,Northern,6,30,114,0.533333333
2019,Ireland,22,Sarah McTernan,,,0,0,,0,0,2,18,16,2,0,1,F,0,1,English,,,,0,FALSE,1,0,Western,34,13,0,0.533333333
2019,Israel,Home,Kobi Marimi,23,35,0,0,14,1,1,,,,,1,1,M,0,1,English,,,,0,FALSE,0,0,South-Eastern,32,4,5,0.6
2019,Italy,Soldi,Mahmood,2,472,0,0,22,1,1,,,,,1,1,M,0,1,Italian,Arabic,,,1,TRUE,1,1,Western,2,10,411,
2019,Latvia,That Night,Carousel,,,0,0,,0,0,2,15,50,5,1,0,Mixed,0,4,English,,,,0,FALSE,1,1,Northern,35,36,2,0.4
2019,Lithuania,Run With The Lions,Jurij Veklenko,,,0,0,,0,0,2,11,93,12,1,1,M,0,1,English,,,,0,FALSE,1,1,Northern,37,12,0,0.6
2019,Malta,Chameleon,Michela,14,107,0,0,1,1,0,2,8,157,11,1,1,F,0,1,English,,,,0,FALSE,1,0,Western,7,11,64,0.533333333
2019,Moldova,Stay,Anna Odobescu,,,0,0,,0,0,2,12,85,3,1,1,F,0,1,English,,,,0,FALSE,0,0,Eastern,40,32,0,0.666666667
2019,Montenegro,Heaven,D mol,,,0,0,,0,0,1,16,46,2,1,0,Mixed,0,6,English,,,,0,FALSE,0,1,Southern,41,15,0,0.090909091
2019,Netherlands,Arcade,Duncan Laurence,1,498,0,0,12,1,0,2,1,280,16,0,1,M,0,1,English,,,,0,FALSE,1,1,Western,1,7,401,0.4
2019,North Macedonia,Proud,Tamara Todevska,7,305,0,0,8,1,0,2,2,239,17,0,1,F,1,1,English,,,,0,FALSE,0,1,Southern,17,38,13,0.333333333
2019,Norway,Spirit in the Sky,KEiiNO,6,331,0,0,15,1,0,2,7,210,15,1,0,Mixed,0,3,English,Northern Sami,,,1,FALSE,0,1,Northern,4,20,224,0.8
2019,Poland,Fire of Love (Pali sie),Tulia,,,0,0,,0,0,1,11,120,4,0,1,F,0,1,Polish,English,,,1,TRUE,1,1,Eastern,29,23,7,0.461538462
2019,Portugal,Telemoveis,Conan Osiris,,,0,0,,0,0,1,15,51,15,1,1,M,0,1,Portuguese,,,,0,TRUE,1,1,Western,19,9,19,0.384615385
2019,Romania,On a Sunday,Ester Peony,,,0,0,,0,0,2,13,71,6,1,1,F,0,1,English,,,,0,FALSE,1,1,Eastern,23,37,0,0.928571429
2019,Russia,Scream,Sergey Lazarev,3,370,0,0,5,1,0,2,6,217,13,0,1,M,1,1,English,,,,0,FALSE,0,0,Eastern,9,26,106,0.928571429
2019,San Marino,Say Na Na Na,Serhat,19,77,0,0,7,1,0,1,8,150,17,0,1,M,1,1,English,Turkish,,,1,FALSE,0,0,Western,28,28,23,0.111111111
2019,Serbia,Kruna,Nevena Bozovic,18,89,0,0,23,1,0,1,7,156,9,1,1,F,1,1,Serbian,English,,,1,TRUE,0,0,Southern,24,39,0,0.727272727
2019,Slovenia,Sebi,Zala Kralj & Gasper Santl,15,105,0,0,10,1,0,1,6,167,5,1,0,Mixed,0,2,Slovene,,,,0,TRUE,1,1,Central,15,40,22,0.333333333
2019,Spain,La Venda,Miki,22,54,0,0,26,1,1,,,,,1,1,M,0,1,Spanish,,,,0,TRUE,1,1,Western,14,1,69,
2019,Sweden,Too Late For Love,John Lundvik,5,334,0,0,9,1,0,2,3,238,8,1,1,M,0,1,English,,,,0,FALSE,1,0,Northern,11,3,191,0.933333333
2019,Switzerland,She Got Me,Luca Hanni,4,364,0,0,24,1,0,2,4,232,4,0,1,M,0,1,English,,,,0,FALSE,0,0,Central,3,22,406,0.266666667
2019,United Kingdom,Bigger Than Us,Michael Rice,26,11,0,0,16,1,1,,,,,1,1,M,0,1,English,,,,0,TRUE,0,1,Western,27,2,6,
2018,Albania,Mall,Eugent Bushpepa,11,184,0,0,12,1,0,1,8,162,3,1,1,M,0,1,Albanian,,,,0,TRUE,0,1,Southern,22,25,0,0.5
2018,Armenia,Qami,Sevak Khanagyan,,,0,0,,0,0,1,15,79,16,1,1,M,0,1,Armenian,,,,0,TRUE,0,0,South-Eastern,36,35,0,0.909090909
2018,Australia,We Got Love,Jessica Mauboy,20,99,0,0,16,1,0,2,4,212,9,0,1,F,0,1,English,,,,0,TRUE,0,0,Western,14,9,202,1
2018,Austria,Nobody But You,Cesar Sampson,3,342,0,0,5,1,0,1,4,231,13,0,1,M,0,1,English,,,,0,FALSE,1,0,Central,11,3,70,0.6
2018,Azerbaijan,X My Heart,Aisel,,,0,0,,0,0,1,11,94,1,0,1,M,0,1,English,,,,0,FALSE,0,0,South-Eastern,28,18,5,1
2018,Belarus,Forever,ALEKSEEV,,,0,0,,0,0,1,16,65,8,1,1,M,0,1,English,,,,0,FALSE,0,0,Eastern,21,26,28,0.357142857
2018,Belgium,A Matter Of Time,Sennek,,,0,0,,0,0,1,12,91,4,0,1,F,0,1,English,,,,0,FALSE,1,1,Western,16,28,143,0.428571429
2018,Bulgaria,Bones,EQUINOX,14,166,0,0,18,1,0,1,7,177,10,0,0,Mixed,0,5,English,,,,0,FALSE,1,1,Eastern,3,4,178,0.272727273
2018,Croatia,Crazy,Franka,,,0,0,,0,0,1,17,63,12,0,1,F,0,1,English,,,,0,FALSE,1,1,Southern,37,34,0,0.583333333
2018,Cyprus,Fuego,Eleni Foureira,2,436,0,0,25,1,0,1,2,262,19,0,1,F,0,1,English,Spanish,,,1,FALSE,1,0,South-Eastern,1,6,106,0.538461538
2018,Czech Republic,Lie To Me,Mikolas Josef,6,281,0,0,14,1,0,1,3,232,5,1,1,M,0,1,English,,,,0,FALSE,1,1,Central,5,1,181,0.166666667
2018,Denmark,Higher Ground,Rasmussen,9,226,0,0,15,1,0,2,5,204,5,1,1,M,0,1,English,Icelandic,,,1,FALSE,1,1,Northern,15,14,99,0.714285714
2018,Estonia,La Forza,Elina Nechayeva,8,245,0,0,6,1,0,1,5,201,9,1,1,F,0,1,Italian,,,,0,FALSE,1,1,Northern,6,19,88,0.357142857
2018,Finland,Monsters,Saara Aalto,25,46,0,0,17,1,0,1,10,108,15,1,1,F,0,1,English,,,,0,FALSE,1,0,Northern,8,2,226,0.5
2018,France,Mercy,Madame Monsieur,13,173,0,0,13,1,1,,,,,1,0,Mixed,0,2,French,,,,0,TRUE,1,1,Western,4,8,352,
2018,FYR Macedonia,Lost And Found,Eye Cue,,,0,0,,0,0,1,18,24,11,0,0,Mixed,0,2,English,,,,0,FALSE,0,1,Southern,25,32,15,0.357142857
2018,Georgia,For You,Ethno-Jazz Band Iriao,,,0,0,,0,0,2,18,24,10,0,0,M,0,5,Georgian,,,,0,TRUE,0,0,South-Eastern,42,43,0,0.7
2018,Germany,You Let Me Walk Alone,Michael Schulte,4,340,0,0,11,1,1,,,,,1,1,M,0,1,English,,,,0,FALSE,1,1,Central,9,30,34,
2018,Greece,Oniro Mou,Yianna Terzi,,,0,0,,0,0,1,14,81,14,0,1,F,0,1,Greek,,,,0,TRUE,1,1,Southern,13,39,119,0.928571429
2018,Hungary,Viszlat Nyar,AWS,21,93,0,0,21,1,0,2,10,111,13,1,0,M,0,4,Hungarian,,,,0,TRUE,1,1,Central,19,11,0,0.818181818
2018,Iceland,Our Choice,Ari Olafsson,,,0,0,,0,0,1,19,15,2,1,1,M,0,1,English,,,,0,FALSE,0,1,Northern,43,31,0,0.571428571
2018,Ireland,Together,Ryan O'Shaughnessy,16,136,0,0,24,1,0,1,6,179,18,0,1,M,0,1,English,,,,0,FALSE,1,0,Western,23,41,5,0.5
2018,Israel,TOY,Netta,1,529,0,0,22,1,0,1,1,283,7,1,1,F,0,1,English,Hebrew,,,1,TRUE,0,0,South-Eastern,2,20,456,0.571428571
2018,Italy,Non Mi Avete Fatto Niente,Ermal Meta e Fabrizio Moro,5,308,0,0,26,1,1,,,,,1,0,M,0,2,Italian,,,,0,TRUE,1,1,Western,7,12,75,
2018,Latvia,Funny Girl,Laura Rizzotto,,,0,0,,0,0,2,12,106,14,1,1,F,0,1,English,,,,0,FALSE,1,1,Northern,33,40,3,0.428571429
2018,Lithuania,When We're Old,Ieva Zasimauskaite,12,181,0,0,4,1,0,1,9,119,6,1,1,F,0,1,English,Lithuanian,,,1,TRUE,1,1,Northern,17,37,5,0.571428571
2018,Malta,Taboo,Christabelle,,,0,0,,0,0,2,13,101,12,1,1,F,0,1,English,,,,0,FALSE,1,0,Western,32,15,0,0.571428571
2018,Moldova,My Lucky Day,DoReDos,10,209,0,0,19,1,0,2,3,235,7,1,0,Mixed,0,3,English,,,,0,FALSE,0,0,Eastern,29,42,2,0.642857143
2018,Montenegro,Inje,Vanja Radovanovic,,,0,0,,0,0,2,16,40,16,1,1,M,0,1,Montenegrin,,,,0,TRUE,0,1,Southern,40,16,0,0.1
2018,Netherlands,Outlaw In 'Em,Waylon,18,121,0,0,23,1,0,2,7,174,8,0,1,M,1,1,English,,,,0,FALSE,1,1,Western,30,5,0,0.357142857
2018,Norway,That's How You Write A Song,Alexander Rybak,15,144,0,0,7,1,0,2,1,266,1,1,1,M,1,1,English,,,,0,FALSE,0,1,Northern,26,27,13,0.785714286
2018,Poland,Light Me Up,Gromee feat. Lukas Meijer,,,0,0,,0,0,2,14,81,11,1,0,M,0,2,English,,,,0,FALSE,1,1,Eastern,34,7,5,0.5
2018,Portugal,O Jardim,Cl醬dia Pascoal,26,39,0,0,8,1,1,,,,,1,1,F,0,1,Portuguese,,,,0,TRUE,1,1,Western,20,36,0,0.333333333
2018,Romania,Goodbye,The Humans,,,0,0,,0,0,2,11,107,2,1,0,Mixed,0,5,English,,,,0,FALSE,1,1,Eastern,39,38,0,1
2018,Russia,I Won't Break,Julia Samoylova,,,0,0,,0,0,2,15,65,6,0,1,F,0,1,English,,,,0,FALSE,0,0,Eastern,38,13,1,1
2018,San Marino,Who We Are,Jessika featuring Jenifer Brening,,,0,0,,0,0,2,17,28,4,1,0,F,0,2,English,,,,0,FALSE,0,0,Western,41,24,0,0.125
2018,Serbia,Nova Deca,Sanja Ilic & Balkanika,19,113,0,0,10,1,0,2,9,117,3,1,0,Mixed,0,6,Serbian,Torlakian,,,1,TRUE,0,0,Southern,35,33,2,0.7
2018,Slovenia,"Hvala, ne!",Lea Sirk,22,64,0,0,3,1,0,2,8,132,17,1,1,F,0,1,Slovene,Portuguese,,,1,TRUE,1,1,Central,27,29,0,0.285714286
2018,Spain,Tu Cancion,Amaia y Alfred,23,61,0,0,2,1,1,,,,,1,0,Mixed,0,2,Spanish,,,,0,TRUE,1,1,Western,24,17,26,
2018,Sweden,Dance You Off,Benjamin Ingrosso,7,274,0,0,20,1,0,2,2,254,15,1,1,M,0,1,English,,,,0,FALSE,1,0,Northern,12,23,91,0.928571429
2018,Switzerland,Stones,ZiBBZ,,,0,0,,0,0,1,13,86,17,1,0,Mixed,0,2,English,,,,0,FALSE,0,0,Central,18,22,0,0.285714286
2018,Ukraine,Under The Ladder,MELOVIN,17,130,0,0,1,1,0,2,6,179,18,1,1,M,0,1,English,,,,0,FALSE,0,0,Eastern,10,21,19,1
2018,United Kingdom,Storm,SuRie,24,48,0,0,9,1,1,,,,,1,1,F,0,1,English,,,,0,TRUE,0,1,Western,31,10,4,
2017,Albania,World,Lindita,,,0,0,,0,0,1,14,76,4,1,1,F,0,1,English,,,,0,FALSE,0,1,Southern,24,7,0,0.538461538
2017,Armenia,Fly With Me,Artsvik,18,79,0,0,5,1,0,1,7,152,16,1,1,F,0,1,English,,,,0,FALSE,0,0,South-Eastern,14,40,7,0.9
2017,Australia,Don't Come Easy,Isaiah,9,173,0,0,14,1,0,1,6,160,3,0,1,M,0,1,English,,,,0,TRUE,0,0,Western,26,9,36,1
2017,Austria,Running On Air,Nathan Trent,16,93,0,0,4,1,0,2,7,147,2,0,1,M,0,1,English,,,,0,FALSE,1,0,Central,25,8,14,0.555555556
2017,Azerbaijan,Skeletons,Dihaj,14,120,0,0,12,1,0,1,8,150,8,0,1,F,0,1,English,,,,0,FALSE,0,0,South-Eastern,5,16,34,1
2017,Belarus,Story of My Life,Naviband,17,83,0,0,3,1,0,2,9,110,14,1,0,Mixed,0,2,Belarusian,,,,0,TRUE,0,0,Eastern,17,6,15,0.307692308
2017,Belgium,City Lights,Blanche,4,363,0,0,23,1,0,1,4,165,5,0,1,F,0,1,English,,,,0,FALSE,1,1,Western,1,36,335,0.384615385
2017,Bulgaria,Beautiful Mess,Kristian Kostov,2,615,0,0,25,1,0,2,1,403,15,0,1,M,0,1,English,,,,0,FALSE,1,1,Eastern,2,24,120,0.2
2017,Croatia,My Friend,Jacques Houdek,13,128,0,0,13,1,0,2,8,141,11,0,1,M,0,1,English,Italian,,,1,FALSE,1,1,Southern,32,14,6,0.545454545
2017,Cyprus,Gravity,Hovig,21,68,0,0,19,1,0,1,5,164,15,0,1,M,0,1,English,,,,0,FALSE,1,0,South-Eastern,19,30,13,0.5
2017,Czech Republic,My Turn,Martina Barta,,,0,0,,0,0,1,13,83,14,0,1,F,0,1,English,,,,0,FALSE,1,1,Central,36,39,2,0.2
2017,Denmark,Where I Am,Anja,20,77,0,0,10,1,0,2,10,101,8,1,1,F,0,1,English,,,,0,FALSE,1,1,Northern,10,5,43,0.692307692
2017,Estonia,Verona,Koit Toome & Laura,,,0,0,,0,0,2,14,85,17,1,0,Mixed,1,2,English,,,,0,FALSE,1,1,Northern,22,27,242,0.384615385
2017,Finland,Blackbird,Norma John,,,0,0,,0,0,1,12,92,7,1,0,Mixed,0,2,English,,,,0,FALSE,1,0,Northern,18,26,64,0.538461538
2017,France,Requiem,Alma,12,135,0,0,26,1,1,,,,,0,1,F,0,1,French,English,,,1,TRUE,1,1,Western,4,23,277,
2017,FYR Macedonia,Dance Alone,Jana Burcheska,,,0,0,,0,0,2,15,69,3,0,1,F,0,1,English,,,,0,FALSE,0,1,Southern,12,13,107,0.384615385
2017,Georgia,Keep The Faith,Tamara Gachechiladze,,,0,0,,0,0,1,11,99,2,1,1,F,0,1,English,,,,0,FALSE,0,0,South-Eastern,30,34,4,0.777777778
2017,Germany,Perfect Life,Levina,25,6,0,1,21,1,1,,,,,1,1,F,0,1,English,,,,0,FALSE,1,1,Central,37,25,0,
2017,Greece,This is Love,Demy,19,77,0,0,15,1,0,1,10,115,10,0,1,F,0,1,English,,,,0,FALSE,1,1,Southern,29,29,6,0.923076923
2017,Hungary,Origo,Joci Papai,8,200,0,0,8,1,0,2,2,231,7,1,1,M,0,1,Hungarian,,,,0,TRUE,1,1,Central,11,33,40,0.8
2017,Iceland,Paper,Svala,,,0,0,,0,0,1,15,60,13,1,1,F,0,1,English,,,,0,FALSE,0,1,Northern,31,21,9,0.615384615
2017,Ireland,Dying to Try,Brendan Murray,,,0,0,,0,0,2,13,86,9,0,1,M,0,1,English,,,,0,FALSE,1,0,Western,34,38,4,0.538461538
2017,Israel,I Feel Alive,IMRI,23,39,0,0,1,1,0,2,3,207,18,1,1,M,0,1,English,,,,0,FALSE,0,0,South-Eastern,21,19,102,0.538461538
2017,Italy,Occidentali's Karma,Francesco Gabbani,6,334,0,0,9,1,1,,,,,1,1,M,0,1,Italian,Sanskrit,Ancient Greek,,1,TRUE,1,1,Western,3,2,497,
2017,Latvia,Line,Triana Park,,,0,0,,0,0,1,18,21,18,1,0,Mixed,0,4,English,,,,0,FALSE,1,1,Northern,27,31,12,0.461538462
2017,Lithuania,Rain Of Revolution,Fusedmarc,,,0,0,,0,0,2,17,42,16,1,0,Mixed,0,3,English,,,,0,FALSE,1,1,Northern,39,41,0,0.615384615
2017,Malta,Breathlessly,Claudia Faniello,,,0,0,,0,0,2,16,55,4,1,1,F,0,1,English,,,,0,FALSE,1,0,Western,40,18,0,0.615384615
2017,Moldova,Hey Mamma,Sunstroke Project,3,374,0,0,7,1,0,1,2,291,12,1,0,M,1,3,English,,,,0,FALSE,0,0,Eastern,7,10,0,0.615384615
2017,Montenegro,Space,Slavko Kalezic,,,0,0,,0,0,1,16,56,6,0,1,M,0,1,English,,,,0,FALSE,0,1,Southern,35,20,17,0.111111111
2017,Netherlands,Lights and Shadows,OG3NE,11,150,0,0,6,1,0,2,4,200,6,0,0,F,0,3,English,,,,0,FALSE,1,1,Western,20,32,3,0.307692308
2017,Norway,Grab The Moment,JOWST,10,158,0,0,17,1,0,2,5,189,12,1,1,M,0,1,English,,,,0,FALSE,0,1,Northern,15,12,30,0.769230769
2017,Poland,Flashlight,Kasia Mos,22,64,0,0,2,1,0,1,9,119,11,1,1,F,0,1,English,,,,0,FALSE,1,1,Eastern,23,42,4,0.454545455
2017,Portugal,Amar Pelos Dois,Salvador Sobral,1,758,0,0,11,1,0,1,1,370,9,1,1,M,0,1,Portuguese,,,,0,TRUE,1,1,Western,6,35,122,0.272727273
2017,Romania,Yodel It!,Ilinca ft. Alex Florea,7,282,0,0,20,1,0,2,6,174,5,1,0,Mixed,0,2,English,,,,0,FALSE,1,1,Eastern,16,11,18,1
2017,San Marino,Spirit of the Night,Valentina Monetta and Jimmie Wilson,,,0,0,,0,0,2,18,1,10,0,0,Mixed,1,2,English,,,,0,FALSE,0,0,Western,41,22,5,0.142857143
2017,Serbia,In Too Deep,Tijana Bogicevic,,,0,0,,0,0,2,11,98,1,0,1,F,0,1,English,,,,0,FALSE,0,0,Southern,28,15,3,0.777777778
2017,Slovenia,On My Way,Omar Naber,,,0,0,,0,0,1,17,36,17,1,1,M,1,1,English,,,,0,FALSE,1,1,Central,42,17,0,0.307692308
2017,Spain,Do It For Your Lover,Manel Navarro,26,5,1,1,16,1,1,,,,,1,1,M,0,1,Spanish,English,,,1,TRUE,1,1,Western,38,37,0,
2017,Sweden,I Can't Go On,Robin Bengtsson,5,344,0,0,24,1,0,1,3,227,1,1,1,M,0,1,English,,,,0,FALSE,1,0,Northern,8,3,308,0.923076923
2017,Switzerland,Apollo,Timebelle,,,0,0,,0,0,2,12,97,13,1,0,Mixed,0,3,English,,,,0,FALSE,0,0,Central,13,1,41,0.307692308
2017,Ukraine,Time,O.Torvald,24,36,0,0,22,1,1,,,,,1,0,M,0,4,English,,,,0,FALSE,0,0,Eastern,33,28,0,1
2017,United Kingdom,Never Give Up On You,Lucie Jones,15,111,0,0,18,1,1,,,,,1,1,F,0,1,English,,,,0,TRUE,0,1,Western,9,4,12,
2016,Albania,Fairytale,Eneda Tarifa,,,0,0,,0,0,2,16,45,17,1,1,F,0,1,English,,,,0,FALSE,0,1,Southern,32,40,0,0.583333333
2016,Armenia,LoveWave,Iveta Mukuchyan,7,249,0,0,26,1,0,1,2,243,7,0,1,F,0,1,English,,,,0,FALSE,0,0,South-Eastern,5,39,13,0.888888889
2016,Australia,Sound Of Silence,Dami Im,2,511,0,0,13,1,0,2,1,330,10,0,1,F,0,1,English,,,,0,TRUE,0,0,Western,1,15,280,1
2016,Austria,Loin d'ici,ZOE,13,151,0,0,24,1,0,1,7,170,12,1,1,F,0,1,French,,,,0,FALSE,1,0,Central,11,8,128,0.5
2016,Azerbaijan,Miracle,Samra,17,117,0,0,4,1,0,1,6,185,14,0,1,F,0,1,English,,,,0,FALSE,0,0,South-Eastern,15,12,35,1
2016,Belarus,Help You Fly,IVAN,,,0,0,,0,0,2,12,84,5,1,1,M,0,1,English,,,,0,FALSE,0,0,Eastern,29,34,0,0.333333333
2016,Belgium,What's The Pressure,Laura Tesoro,10,181,0,0,1,1,0,2,3,274,18,1,1,F,0,1,English,,,,0,FALSE,1,1,Western,12,1,2,0.333333333
2016,Bosnia & Herzegovina,Ljubav Je,Dalal & Deen feat. Ana Rucner and Jala,,,0,0,,0,0,1,11,104,17,0,0,Mixed,1,4,Bosnian,,,,0,FALSE,0,0,Southern,31,6,0,1
2016,Bulgaria,If Love Was A Crime,Poli Genova,4,307,0,0,8,1,0,2,5,220,12,0,1,F,1,1,English,Bulgarian,,,1,TRUE,1,1,Eastern,2,13,175,0.111111111
2016,Croatia,Lighthouse,Nina Kraljic,23,73,0,0,17,1,0,1,10,133,5,0,1,F,0,1,English,,,,0,FALSE,1,1,Southern,16,26,63,0.5
2016,Cyprus,Alter Ego,Minus One,21,96,0,0,14,1,0,1,8,164,11,0,0,M,0,5,English,,,,0,FALSE,1,0,South-Eastern,20,7,59,0.454545455
2016,Czech Republic,I Stand,Gabriela Guncikova,25,41,0,0,2,1,0,1,9,161,10,0,1,F,0,1,English,,,,0,FALSE,1,1,Central,14,24,36,0
2016,Denmark,Soldiers Of Love,Lighthouse X,,,0,0,,0,0,2,17,34,13,1,0,M,0,3,English,,,,0,FALSE,1,1,Northern,30,16,0,0.75
2016,Estonia,Play,Juri Pootsmann,,,0,0,,0,0,1,18,24,13,1,1,M,0,1,English,,,,0,FALSE,1,1,Northern,27,14,31,0.416666667
2016,Finland,Sing It Away,Sandhja,,,0,0,,0,0,1,15,51,1,1,1,F,0,1,English,,,,0,FALSE,1,0,Northern,37,31,0,0.583333333
2016,France,J'ai cherche,Amir,6,257,0,0,11,1,1,,,,,0,1,M,0,1,French,English,,,1,TRUE,1,1,Western,6,11,425,
2016,FYR Macedonia,Dona,Kaliopi,,,0,0,,0,0,2,11,88,8,0,1,F,1,1,Macedonian,,,,0,TRUE,0,1,Southern,34,36,6,0.416666667
2016,Georgia,Midnight Gold,Nika Kocharov and Young Georgian Lolitaz,20,104,0,0,23,1,0,2,9,123,16,1,0,M,0,4,English,,,,0,FALSE,0,0,South-Eastern,28,41,0,0.75
2016,Germany,Ghost,Jamie-Lee,26,11,0,0,10,1,1,,,,,1,1,F,0,1,English,,,,0,FALSE,1,1,Central,25,4,4,
2016,Greece,Utopian Land,Argo,,,0,0,,0,0,1,16,44,2,0,0,Mixed,0,6,English,Greek,Pontic Greek,,1,TRUE,1,1,Southern,38,29,0,1
2016,Hungary,Pioneer,Freddie,19,108,0,0,5,1,0,1,4,197,4,1,1,M,0,1,English,,,,0,FALSE,1,1,Central,8,5,80,0.777777778
2016,Iceland,Hear Them Calling,Greta Salome,,,0,0,,0,0,1,14,51,16,1,1,F,1,1,English,,,,0,FALSE,0,1,Northern,17,19,44,0.666666667
2016,Ireland,Sunlight,Nicky Byrne,,,0,0,,0,0,2,15,46,7,0,1,M,0,1,English,,,,0,FALSE,1,0,Western,40,27,8,0.583333333
2016,Israel,Made Of Stars,Hovi Star,14,135,0,0,7,1,0,2,7,147,4,1,1,M,0,1,English,,,,0,FALSE,0,0,South-Eastern,23,20,4,0.5
2016,Italy,No Degree Of Separation,Francesca Michielin,16,124,0,0,6,1,1,,,,,1,1,F,0,1,Italian,English,,,1,TRUE,1,1,Western,10,23,170,
2016,Latvia,Heartbeat,Justs,15,132,0,0,20,1,0,2,8,132,1,1,1,M,0,1,English,,,,0,FALSE,1,1,Northern,9,37,110,0.416666667
2016,Lithuania,I've Been Waiting For This Night,Donny Montell,9,200,0,0,16,1,0,2,4,222,9,1,1,M,1,1,English,,,,0,FALSE,1,1,Northern,24,25,6,0.583333333
2016,Malta,Walk On Walter,Ira Losco,12,153,0,0,22,1,0,1,3,209,18,1,1,F,1,1,English,,,,0,FALSE,1,0,Western,21,10,6,0.583333333
2016,Moldova,Falling Stars,Lidia Isac,,,0,0,,0,0,1,17,33,3,1,1,F,0,1,English,,,,0,FALSE,0,0,Eastern,35,32,0,0.666666667
2016,Montenegro,The Real Thing,Highway,,,0,0,,0,0,1,13,60,15,0,0,M,1,3,English,,,,0,FALSE,0,1,Southern,42,28,0,0.125
2016,Netherlands,Slow Down,Douwe Bob,11,153,0,0,3,1,0,1,5,197,6,0,1,M,0,1,English,,,,0,FALSE,1,1,Western,26,33,0,0.25
2016,Norway,Icebreaker,Agnete,,,0,0,,0,0,2,13,63,15,1,1,F,0,1,English,,,,0,FALSE,0,1,Northern,22,35,15,0.833333333
2016,Poland,Color Of Your Life,Michal Szpak,8,229,0,0,12,1,0,2,6,151,2,1,1,M,0,1,English,,,,0,FALSE,1,1,Eastern,13,30,28,0.4
2016,Russia,You Are The Only One,Sergey Lazarev,3,491,0,0,18,1,0,1,1,342,9,0,1,M,0,1,English,,,,0,FALSE,0,0,Eastern,3,3,392,1
2016,San Marino,I Didn't Know,Serhat,,,0,0,,0,0,1,12,68,8,0,1,M,0,1,English,,,,0,FALSE,0,0,Western,41,38,4,0.166666667
2016,Serbia,Goodbye (Shelter),Sanja Vucic ZAA,18,115,0,0,15,1,0,2,10,105,6,0,1,F,0,1,English,,,,0,FALSE,0,0,Southern,19,17,42,0.75
2016,Slovenia,Blue And Red,ManuElla,,,0,0,,0,0,2,14,57,11,1,1,F,0,1,English,,,,0,FALSE,1,1,Central,39,21,6,0.333333333
2016,Spain,Say Yay!,Barei,22,77,0,0,19,1,1,,,,,1,1,F,0,1,English,,,,0,FALSE,1,1,Western,7,2,155,
2016,Sweden,If I Were Sorry,Frans,5,261,0,0,9,1,1,,,,,1,1,M,0,1,English,,,,0,FALSE,1,0,Northern,18,18,79,0.916666667
2016,Switzerland,The Last Of Our Kind,Rykka,,,0,0,,0,0,2,18,28,3,1,1,F,0,1,English,,,,0,FALSE,0,0,Central,36,22,0,0.333333333
2016,Ukraine,1944,Jamala,1,534,0,0,21,1,0,2,2,287,14,1,1,F,0,1,English,Crimean Tatar,,,1,FALSE,0,0,Eastern,4,42,88,1
2016,United Kingdom,You're Not Alone,Joe and Jake,24,62,0,0,25,1,1,,,,,1,0,M,0,2,English,,,,0,TRUE,0,1,Western,33,9,0,
